p01-reported	R = LIST(RECORD("id",1,"rv",1), RECORD("id",2,"rv",2)), S = LIST(RECORD("id",1,"sv",1)), T = LIST(RECORD("tid",1,"tv",7)), R .> LINK(S, X, Y, X["id"] == Y["id"]) .> LINK(T, A, B, A["id"] == B["tid"]) .> MAP(RECORD("v", _["tv"]))
p02-left-only-field	R = LIST(RECORD("id",1,"rv",1), RECORD("id",2,"rv",2)), S = LIST(RECORD("id",1,"sv",1)), T = LIST(RECORD("tid",1,"tv",7)), R .> LINK(S, X, Y, X["id"] == Y["id"]) .> LINK(T, A, B, A["rv"] == B["tid"]) .> MAP(RECORD("v", _["tv"]))
p03-right-only-field	R = LIST(RECORD("id",1,"rv",1), RECORD("id",2,"rv",2)), S = LIST(RECORD("id",1,"sv",1)), T = LIST(RECORD("tid",1,"tv",7)), R .> LINK(S, X, Y, X["id"] == Y["id"]) .> LINK(T, A, B, A["sv"] == B["tid"]) .> MAP(RECORD("v", _["tv"]))
p04-nested-left	R = LIST(RECORD("id",1,"rv",1), RECORD("id",2,"rv",2)), S = LIST(RECORD("id",1,"sv",1)), T = LIST(RECORD("tid",1,"tv",7)), R .> LINK(S, X, Y, X["id"] == Y["id"]) .> LINK(T, A, B, A["X"]["id"] == B["tid"]) .> MAP(RECORD("v", _["tv"]))
p05-nested-right	R = LIST(RECORD("id",1,"rv",1), RECORD("id",2,"rv",2)), S = LIST(RECORD("id",1,"sv",1)), T = LIST(RECORD("tid",1,"tv",7)), R .> LINK(S, X, Y, X["id"] == Y["id"]) .> LINK(T, A, B, A["Y"]["id"] == B["tid"]) .> MAP(RECORD("v", _["tv"]))
p06-source-name-binder	R = LIST(RECORD("id",1,"rv",1), RECORD("id",2,"rv",2)), S = LIST(RECORD("id",1,"sv",1)), T = LIST(RECORD("tid",1,"tv",7)), R .> LINK(S, X, Y, X["id"] == Y["id"]) .> LINK(T, A, B, R["id"] == B["tid"]) .> MAP(RECORD("v", _["tv"]))
p07-stale-first-binder	R = LIST(RECORD("id",1,"rv",1), RECORD("id",2,"rv",2)), S = LIST(RECORD("id",1,"sv",1)), T = LIST(RECORD("tid",1,"tv",7)), R .> LINK(S, X, Y, X["id"] == Y["id"]) .> LINK(T, A, B, X["id"] == B["tid"]) .> MAP(RECORD("v", _["tv"]))
p08-underscore1	R = LIST(RECORD("id",1,"rv",1), RECORD("id",2,"rv",2)), S = LIST(RECORD("id",1,"sv",1)), T = LIST(RECORD("tid",1,"tv",7)), R .> LINK(S, X, Y, X["id"] == Y["id"]) .> LINK(T, _1["id"] == _2["tid"]) .> MAP(RECORD("v", _["tv"]))
p09-left-join-chain	R = LIST(RECORD("id",1,"rv",1), RECORD("id",2,"rv",2)), S = LIST(RECORD("id",1,"sv",1)), T = LIST(RECORD("tid",1,"tv",7)), R .> LINK_LEFT(S, X, Y, X["id"] == Y["id"]) .> LINK(T, A, B, A["id"] == B["tid"]) .> MAP(RECORD("v", _["tv"]))
p10-second-left-join	R = LIST(RECORD("id",1,"rv",1), RECORD("id",2,"rv",2)), S = LIST(RECORD("id",1,"sv",1)), T = LIST(RECORD("tid",1,"tv",7)), R .> LINK(S, X, Y, X["id"] == Y["id"]) .> LINK_LEFT(T, A, B, A["id"] == B["tid"]) .> MAP(RECORD("v", _["tv"]))
p11-map-ambiguous-after-chain	R = LIST(RECORD("id",1,"rv",1), RECORD("id",2,"rv",2)), S = LIST(RECORD("id",1,"sv",1)), T = LIST(RECORD("tid",1,"tv",7)), R .> LINK(S, X, Y, X["id"] == Y["id"]) .> LINK(T, A, B, A["rv"] == B["tid"]) .> MAP(RECORD("v", _["id"]))
p12-map-nested-after-chain	R = LIST(RECORD("id",1,"rv",1), RECORD("id",2,"rv",2)), S = LIST(RECORD("id",1,"sv",1)), T = LIST(RECORD("tid",1,"tv",7)), R .> LINK(S, X, Y, X["id"] == Y["id"]) .> LINK(T, A, B, A["rv"] == B["tid"]) .> MAP(RECORD("v", _["A"]["rv"]))
p13-filter-after-chain	R = LIST(RECORD("id",1,"rv",1), RECORD("id",2,"rv",2)), S = LIST(RECORD("id",1,"sv",1)), T = LIST(RECORD("tid",1,"tv",7)), R .> LINK(S, X, Y, X["id"] == Y["id"]) .> LINK(T, A, B, A["rv"] == B["tid"]) .> FILTER(_["id"] > 0) .> MAP(RECORD("v", _["tv"]))
p14-right-binder-reused-name	R = LIST(RECORD("id",1,"rv",1), RECORD("id",2,"rv",2)), S = LIST(RECORD("id",1,"sv",1)), T = LIST(RECORD("tid",1,"tv",7)), R .> LINK(S, X, Y, X["id"] == Y["id"]) .> LINK(T, Y, B, Y["id"] == B["tid"]) .> MAP(RECORD("v", _["tv"]))
p15-left-binder-reused-name	R = LIST(RECORD("id",1,"rv",1), RECORD("id",2,"rv",2)), S = LIST(RECORD("id",1,"sv",1)), T = LIST(RECORD("tid",1,"tv",7)), R .> LINK(S, X, Y, X["id"] == Y["id"]) .> LINK(T, X, B, X["id"] == B["tid"]) .> MAP(RECORD("v", _["tv"]))
p16-single-join-control	R = LIST(RECORD("id",1,"rv",1), RECORD("id",2,"rv",2)), S = LIST(RECORD("id",1,"sv",1)), T = LIST(RECORD("tid",1,"tv",7)), R .> LINK(S, X, Y, X["id"] == Y["id"])  .> MAP(RECORD("v", _["sv"]))
